mspe_before,mspe_after,mspe_ratio
5.71428718904728e-4,0.493371027791002,863.3990758053933
