mspe_before,mspe_after,mspe_ratio
0.02377169882152385,0.611125971311876,25.708132006053265
