mspe_before,mspe_after,mspe_ratio
0.02395043202934555,0.6460746798246703,26.975491675183964
