mspe_before,mspe_after,mspe_ratio
1.779244741128599e-18,0.2705761136653098,152073577856231140
