mspe_before,mspe_after,mspe_ratio
0.15173826068862825,16.81954938823282,110.84580323974498
