canton,weights
TI,0.8082633815549305
VD,0.03818626135327213
ZG,-0.13249695826576968
ZH,0.28604731534932293
