canton,weights
TI,0.9923876649982658
ZG,-0.07873458768516275
ZH,0.0863469226868897
