mspe_before,mspe_after,mspe_ratio
1.639616264441692,20.732454189826818,12.644699030773797
