mspe_before,mspe_after,mspe_ratio
7.45182301294474,65.65791507055397,8.810986916422738
