canton,weights
ZG,-0.461735225744404
ZH,1.4617352257443965
