mspe_before,mspe_after,mspe_ratio
0.15196981457501454,18.045089241123602,118.74127300600396
