mspe_before,mspe_after,mspe_ratio
0.19733810741208171,16.755907535428197,84.90963937562493
