mspe_before,mspe_after,mspe_ratio
0.3586698839118736,16.63838308620902,46.389127809507215
