mspe_before,mspe_after,mspe_ratio
0.5024540881390751,14.012500762016803,27.888121706630955
