canton,weights
LU,-0.2357346013576446
NE,0.9737130546432888
TI,0.40637322960756894
VD,-0.20386254544299104
ZG,0.00910244107342359
ZH,0.05040842147720734
