mspe_before,mspe_after,mspe_ratio
0.5435423763174149,12.856953400703809,23.654003737135806
