canton,weights
NE,0.9389431148238234
TI,0.3759851705567181
VD,-0.39748235773537854
ZG,0.015153073560017404
ZH,0.06740099879285166
