mspe_before,mspe_after,mspe_ratio
1.4044949793361674,8.621425657047679,6.138452457211762
