mspe_before,mspe_after,mspe_ratio
1.0212030952835891e-6,0.1261171495494366,123498.59702923612
