mspe_before,mspe_after,mspe_ratio
0.09469622888102729,0.5102978247513198,5.388787185944209
