mspe_before,mspe_after,mspe_ratio
0.040048861580478295,3.9865438425498425,99.542001575722
