mspe_before,mspe_after,mspe_ratio
0.040056216865917954,8.191905455755586,204.5102133128731
