mspe_before,mspe_after,mspe_ratio
0.057773778713876574,3.3625874162054736,58.20265682912342
