mspe_before,mspe_after,mspe_ratio
0.20299276622255094,1.4125203887046691,6.958476476723577
