mspe_before,mspe_after,mspe_ratio
0.09294324793274221,0.13770716323113438,1.4816263289054121
