mspe_before,mspe_after,mspe_ratio
0.16537547285360243,0.45012773705714093,2.721853061340079
