mspe_before,mspe_after,mspe_ratio
0.04167052064777433,3.2861355088239645,78.85995801685479
