mspe_before,mspe_after,mspe_ratio
1.779244500162299e-18,1.4948559990957975,840163338405396200
