mspe_before,mspe_after,mspe_ratio
6.716030823552574e-18,0.6927084122536236,103142530231450320
