mspe_before,mspe_after,mspe_ratio
5.643625794756943e-13,0.7916431243952096,1402720791889.9658
