mspe_before,mspe_after,mspe_ratio
0.018933378289842585,8.122647580174636,429.01205774419503
