mspe_before,mspe_after,mspe_ratio
0.014822357122736605,5.691311280380704,383.96803107992685
