mspe_before,mspe_after,mspe_ratio
0.01710693710803074,5.744402821257964,335.79376512475113
