mspe_before,mspe_after,mspe_ratio
8.464643968151243,18.560619828865967,2.1927230369879074
