mspe_before,mspe_after,mspe_ratio
0.11832104912076143,4.224348192168888,35.70242339431433
