mspe_before,mspe_after,mspe_ratio
0.0814104003984994,7.411490417653615,91.03861891570095
