mspe_before,mspe_after,mspe_ratio
0.7825873601584636,0.8752419718608733,1.1183952315351071
