mspe_before,mspe_after,mspe_ratio
0.4472394144973149,1.7799645670677664,3.9798919982676364
