canton,weights
GE,-0.23107932374348006
LU,0.48745791066477595
NE,0.042912102736740176
TI,0.5127357041180343
ZG,-0.16253434910015369
ZH,0.3505079553197654
