mspe_before,mspe_after,mspe_ratio
1.5799202361301787,0.8369764777810189,0.5297586920154213
