canton,weights
GE,-0.040382143004470655
NE,0.6809819765117388
TI,0.14083478046265338
ZG,-0.15010070491302419
ZH,0.36866609094289915
