canton,weights
GE,0.8884818241792382
TI,0.15527428373622745
ZG,-0.046551964349687516
ZH,0.002795856432592206
