mspe_before,mspe_after,mspe_ratio
0.13641686875909484,6.109769811014953,44.78749487942354
