mspe_before,mspe_after,mspe_ratio
0.7872270863683388,0.6846156840761313,0.8696546345152099
