mspe_before,mspe_after,mspe_ratio
1.3941426547695597,2.308912307063649,1.6561521155417867
