canton,weights
GE,3.8800528147283833e-4
LU,0.36163143626009536
TI,0.13064211798298236
VD,0.5150294963755335
ZG,-0.002744545101250549
ZH,-0.004946510799288585
