mspe_before,mspe_after,mspe_ratio
2.0087385339514423,1.5427968734288227,0.7680426533133441
