canton,weights
GE,0.26519640253309973
TI,-0.04872192684334528
VD,1.1148061356521484
ZG,0.17108353968992396
ZH,-0.5023641510321853
