mspe_before,mspe_after,mspe_ratio
20.81705932626372,70.78767921346672,3.4004648833448754
