mspe_before,mspe_after,mspe_ratio
27.638638059761647,25.431142100161992,0.9201300746141508
