canton,weights
GE,-2.407013948410349
TI,0.6334015459874324
ZH,2.773612404196805
