canton,weights
GE,-1.9683229287644688
ZH,2.968322928764432
