mspe_before,mspe_after,mspe_ratio
26.98532458042306,125.29787875204246,4.643185905680817
