mspe_before,mspe_after,mspe_ratio
10.39464421881042,19.2297077337993,1.8499630510682337
