mspe_before,mspe_after,mspe_ratio
10.619375528828801,25.07706875697598,2.3614447656454334
