canton,weights
GE,-1.4541776441677132
LU,1.249782261681522
NE,-0.3535042443381835
TI,1.5142807095699211
VD,-2.451438036935673
ZH,2.495056955964672
