mspe_before,mspe_after,mspe_ratio
14.09194720267176,20.056824741660296,1.423282705590724
