canton,weights
GE,-1.8307797659331748
NE,0.5922356242986274
TI,1.1903354097820482
VD,-1.5202335797448858
ZH,2.568442313371731
