canton,weights
GE,-1.380436686672697
TI,0.19673548163129065
VD,-0.5595703671358492
ZH,2.7432715739513376
