mspe_before,mspe_after,mspe_ratio
2.27159825289686,9.387480656834988,4.132544407825454
