canton,weights
TI,0.9551024671472804
ZG,-0.06696480961239812
ZH,0.11186234246510932
