mspe_before,mspe_after,mspe_ratio
0.1539885025258413,18.218127035430463,118.30835897877
