mspe_before,mspe_after,mspe_ratio
23.133394517931638,195.40338683161204,8.446809943095333
