canton,weights
ZG,-0.3541498851189416
ZH,1.354149885118934
