mspe_before,mspe_after,mspe_ratio
0.19136135766609086,18.75356653352757,98.00080205456598
