mspe_before,mspe_after,mspe_ratio
1.724691315313002,2.470004567807213,1.432142984589071
