mspe_before,mspe_after,mspe_ratio
2.2513629114608054,4.066055028710033,1.8060415795300446
