canton,weights
LU,0.33702368192875704
NE,2.1193553699571272e-4
TI,0.3804341563264579
VD,0.15703125226979625
ZG,-0.004042074018839842
ZH,0.12934104795631954
