mspe_before,mspe_after,mspe_ratio
1.642475875189887,1.8184607932788082,1.1071461205289093
