canton,weights
NE,0.5602053508869401
TI,-0.0015713903606597557
VD,0.21367015808068007
ZG,-0.003837090243391362
ZH,0.2315329716366352
