canton,weights
TI,-0.004539281458113442
VD,0.863984335063199
ZG,0.042089929995075895
ZH,0.09846501640003186
