mspe_before,mspe_after,mspe_ratio
3.5217343424701615,1.1956457321824105,0.33950480527835014
