mspe_before,mspe_after,mspe_ratio
4.897400064853398e-19,2.927580703533199,5977826325733989e3
