mspe_before,mspe_after,mspe_ratio
6.091024124052542e-14,3.2944116708772144,54086334313930.49
