mspe_before,mspe_after,mspe_ratio
0.0010033853710957677,0.6649628601684773,662.7193093739157
