mspe_before,mspe_after,mspe_ratio
5.0259479590625864e-18,0.2591902168897625,51570413979794830
