mspe_before,mspe_after,mspe_ratio
0.04434795584128193,4.030649861325867,90.88693683540379
