mspe_before,mspe_after,mspe_ratio
0.05883887370122541,1.3127191215246714,22.31040533152374
