mspe_before,mspe_after,mspe_ratio
0.043426250558238365,0.8181483192203972,18.839948388433616
