mspe_before,mspe_after,mspe_ratio
0.1640678837875178,7.474513176047141,45.55744246526204
