mspe_before,mspe_after,mspe_ratio
1.2579481238031123,1.2764486482777244,1.0147069057336642
