canton,weights
GE,-0.02050516573634345
NE,0.9134572021833809
TI,-0.011368082404143687
VD,0.14642484153680235
ZG,-0.020934413863422683
ZH,-0.007074381716437579
