mspe_before,mspe_after,mspe_ratio
0.040801312869121475,6.681688679043336,163.7616098402572
