mspe_before,mspe_after,mspe_ratio
1.9377186414277684e-10,0.0658129666720459,339641500.3963267
