mspe_before,mspe_after,mspe_ratio
0.021495835781651818,0.31277371036733403,14.55043263004028
