mspe_before,mspe_after,mspe_ratio
0.021445509616406316,0.8172283091430368,38.10719930468978
