mspe_before,mspe_after,mspe_ratio
5.14845874018806e-19,0.4645451123693218,902299378925105500
