mspe_before,mspe_after,mspe_ratio
8.298183006401639e-13,3.339224038130202,4024042414531.1753
