mspe_before,mspe_after,mspe_ratio
0.0532472593251619,0.5226827586053722,9.816143877256408
