mspe_before,mspe_after,mspe_ratio
0.053259558577680756,0.5233003615373835,9.825473126558743
