mspe_before,mspe_after,mspe_ratio
0.1324015455231673,0.2373277457952579,1.7924847089774407
