mspe_before,mspe_after,mspe_ratio
0.15484280558909927,3.3076860903263134,21.36157426069765
