mspe_before,mspe_after,mspe_ratio
0.15392459584196627,3.3269246142604225,21.613989603559926
