mspe_before,mspe_after,mspe_ratio
0.20205603216165266,1.7926499902912034,8.872043913329021
