mspe_before,mspe_after,mspe_ratio
0.16604951220538605,3.2964866898274505,19.85243224171618
