mspe_before,mspe_after,mspe_ratio
0.26568462303557494,5.8006276750883545,21.83275647951841
