canton,weights
GE,0.45854561659085036
LU,0.5846666024395987
TI,-0.0159131957169734
VD,-0.08063670049767796
ZG,-0.06824332562392119
ZH,0.12158100280724954
