mspe_before,mspe_after,mspe_ratio
0.28368494644659004,5.551442600648269,19.56904189025571
