canton,weights
GE,0.4685332420879005
TI,0.004631962471530695
VD,0.5225789893317534
ZG,-0.07966381910380695
ZH,0.08391962521174366
