mspe_before,mspe_after,mspe_ratio
0.09429591398866505,0.3374860938566993,3.5790107925277357
