mspe_before,mspe_after,mspe_ratio
0.8216393124344656,8.190409849477323,9.968376300313155
