mspe_before,mspe_after,mspe_ratio
1.2601903667088836e-18,0.2785487009883437,221037002302915700
