mspe_before,mspe_after,mspe_ratio
0.02042150364182463,0.8967222643519867,43.91068748314098
