mspe_before,mspe_after,mspe_ratio
0.020439048541228192,0.8971173261349362,43.89232328135701
