mspe_before,mspe_after,mspe_ratio
2.4049559098406515e-7,0.44504486996607334,1850532.3450838702
