mspe_before,mspe_after,mspe_ratio
5.993125400433263e-7,0.32230513776961744,537791.4130518894
