canton,weights
GE,0.5176010004101601
TI,0.5470552865451055
ZG,-0.08358815088893931
ZH,0.018931863934192224
