mspe_before,mspe_after,mspe_ratio
0.5993398204888543,2.3824855923672583,3.975183211460859
