mspe_before,mspe_after,mspe_ratio
1.4868244469649805,0.9394047115759799,0.6318195221322628
