canton,weights
GE,-0.11964116488155764
LU,-0.003819065037952882
NE,0.7484333888418875
TI,0.14931599561457057
ZG,-0.1454956470384799
ZH,0.37120649250153326
