mspe_before,mspe_after,mspe_ratio
1.4518123941443086,0.9757377896842677,0.6720825594407209
