canton,weights
GE,-0.14096297819014683
NE,0.7533493220560815
TI,0.15766983241886093
ZG,-0.14688007036525091
ZH,0.37682389408328704
