mspe_before,mspe_after,mspe_ratio
5.592375213072384,3.4977712264497716,0.6254536030189107
