mspe_before,mspe_after,mspe_ratio
1.7792446976597895e-18,0.27057611366532053,152073581571553760
