mspe_before,mspe_after,mspe_ratio
0.16308311768001918,0.20772791342309582,1.273754858125002
