mspe_before,mspe_after,mspe_ratio
0.16348874402778826,0.20875184411388392,1.27685759258388
