mspe_before,mspe_after,mspe_ratio
0.23534465446094194,3.798351645240682,16.139528020896947
