mspe_before,mspe_after,mspe_ratio
1.6698475617632114,25.646023653895877,15.35830230324494
