canton,weights
GE,0.9479036638659855
ZG,0.05238526526539516
ZH,-2.88929131162434e-4
