mspe_before,mspe_after,mspe_ratio
0.3770986545344801,4.471362582950497,11.857275355358386
