mspe_before,mspe_after,mspe_ratio
0.4402728305731261,8.911842935229954,20.241637267575523
