mspe_before,mspe_after,mspe_ratio
0.8750105900650871,21.99072139393412,25.131948851382877
