canton,weights
GE,0.7549960501973421
LU,0.01278056280925288
NE,-0.18719410460873065
VD,0.4123653553183214
ZG,0.10196644262624988
ZH,-0.09491430634252991
