mspe_before,mspe_after,mspe_ratio
0.8682551880037425,21.628332361560886,24.910110138573295
