canton,weights
GE,0.7580394158673428
NE,-0.18843700409774033
VD,0.43049322933925915
ZG,0.10524644019235414
ZH,-0.10534208130124295
