mspe_before,mspe_after,mspe_ratio
1.0874910183199826,22.632762754021424,20.811907751648185
