canton,weights
GE,0.6890227995981795
VD,0.23942168862642751
ZG,0.07162204712346822
ZH,-6.653534836031566e-5
