mspe_before,mspe_after,mspe_ratio
0.017742932401617038,1.5009544972293885,84.59450012291069
