mspe_before,mspe_after,mspe_ratio
0.01813111282636677,1.8713599928134508,103.21263844831779
