mspe_before,mspe_after,mspe_ratio
0.01812480620572695,13.447593152559861,741.9441068733074
