mspe_before,mspe_after,mspe_ratio
0.01602564590108358,1.3222234112950066,82.50671576398702
