mspe_before,mspe_after,mspe_ratio
0.016092854153937648,2.555003432917693,158.76633246517846
