mspe_before,mspe_after,mspe_ratio
0.3035470163824134,2.191586970158997,7.219925915522757
