mspe_before,mspe_after,mspe_ratio
8.286641355083477,21.47035428157592,2.5909597581901904
