mspe_before,mspe_after,mspe_ratio
0.30385946659609764,2.18936176795266,7.20517873765259
