mspe_before,mspe_after,mspe_ratio
0.35070912346970484,2.53021517394455,7.2145690106722205
