mspe_before,mspe_after,mspe_ratio
0.8065493293560471,1.2031837138444843,1.4917670501382874
