mspe_before,mspe_after,mspe_ratio
0.6507349054927898,2.2185725504956926,3.409333865094585
