canton,weights
GE,0.35365732600323013
LU,0.6147441564333702
NE,-0.10305787555814008
TI,0.01376610163291717
ZG,-0.08796447923939019
ZH,0.2088547707206589
