mspe_before,mspe_after,mspe_ratio
1.1188072227826311,2.525989095250383,2.2577518662847855
