canton,weights
GE,-0.40351780270882504
NE,0.687274447948051
TI,0.4576426500503662
ZG,-0.1933464492574658
ZH,0.45194715397048596
