canton,weights
GE,1.0211148641006877
TI,0.019193705963149663
ZG,-0.04271408101445993
ZH,0.0024055109507622233
