mspe_before,mspe_after,mspe_ratio
0.060848108910403,4.379367997786204,71.97212988549391
