mspe_before,mspe_after,mspe_ratio
0.1764963381766872,5.191881141002507,29.41636747049682
