mspe_before,mspe_after,mspe_ratio
0.26766392255478577,7.8077546408899945,29.1699926025402
