canton,weights
GE,-0.41073285272967675
NE,0.8527257703731757
TI,0.06952296289764612
VD,0.6225567772239656
ZG,0.07348340172099903
ZH,-0.207556059488451
