mspe_before,mspe_after,mspe_ratio
0.05176658134156665,7.135044391686212,137.83109115527077
