mspe_before,mspe_after,mspe_ratio
0.05176677871194344,6.891098906649541,133.1181711150138
