mspe_before,mspe_after,mspe_ratio
0.053233711824408794,4.827268283155815,90.68066301817431
