mspe_before,mspe_after,mspe_ratio
0.1561670867122402,2.8375774138714887,18.170137342064425
