mspe_before,mspe_after,mspe_ratio
0.20630148184046299,3.7315087125609225,18.087648616341845
