canton,weights
GE,-0.18756532771801798
NE,0.4463361990022899
TI,0.09807773373552595
VD,0.7485580155646461
ZG,0.014355574283755626
ZH,-0.11976219486836087
