mspe_before,mspe_after,mspe_ratio
4.289399743683576,48.055822819245094,11.203391078206332
