mspe_before,mspe_after,mspe_ratio
6.324942529904598,59.56737808460764,9.417852858420538
