canton,weights
GE,0.7202726477130391
TI,-0.011231024464478443
ZG,0.29095837675143293
