mspe_before,mspe_after,mspe_ratio
3.926209457120528,36.74968723639961,9.360093402493034
