canton,weights
GE,0.6901141228320927
ZG,0.30988587716791893
