mspe_before,mspe_after,mspe_ratio
1.9580977388636853,3.214228793627205,1.6415057991397672
