mspe_before,mspe_after,mspe_ratio
3.3041591191970476,7.439708395581891,2.2516192856322954
