canton,weights
GE,0.6351339552632314
LU,-0.8490907852362805
NE,-0.6431564072761847
TI,-0.9432615269640167
VD,2.3849491973390444
ZG,0.4154255668753401
