mspe_before,mspe_after,mspe_ratio
3.595566907749436,31.146230348870372,8.662397654662378
