canton,weights
GE,0.07570398854169474
NE,-0.24698767453453657
TI,-0.010822205499950733
VD,0.8188465891696791
ZG,0.36325930232552545
