canton,weights
GE,-0.0014657198972817822
TI,-0.008187034791137157
VD,0.6489895594083079
ZG,0.36066319528008006
