mspe_before,mspe_after,mspe_ratio
2.37946296614837e-8,1.0115604812230188,42512133.85600319
