mspe_before,mspe_after,mspe_ratio
3.4142062569760645e-8,0.43000614745794546,12594615.412567327
