mspe_before,mspe_after,mspe_ratio
0.878670401244973,2.8015149365530307,3.188357013714827
