mspe_before,mspe_after,mspe_ratio
4.295227705370609,48.11856864699965,11.202798069781913
