mspe_before,mspe_after,mspe_ratio
5.347669138424142,51.54278836148528,9.63836524424059
