canton,weights
GE,0.7050005331074868
TI,-0.0020895098220993845
ZG,0.29708897671460643
