mspe_before,mspe_after,mspe_ratio
3.364461482048841,28.708854664786774,8.532971715670845
