mspe_before,mspe_after,mspe_ratio
0.8794103512116545,4.2249017861941605,4.804243866783097
