canton,weights
GE,0.6819652470413788
ZG,0.31803475295863354
