mspe_before,mspe_after,mspe_ratio
1.916011704525342,6.685890330273747,3.4894830310705527
