mspe_before,mspe_after,mspe_ratio
3.3265610296934063,22.966911636068307,6.904100490284725
