canton,weights
GE,0.20763688149421475
LU,-0.14977497805587314
NE,-0.4210109745335535
TI,-0.06125762473415946
VD,1.0687777943415202
ZG,0.3556289014941286
