mspe_before,mspe_after,mspe_ratio
6.307739170882998,6.973883012681667,1.1056073854279898
