canton,weights
GE,0.3770585150742888
NE,-1.480703874833001
TI,-0.15668043894516362
VD,1.9001679242178047
ZG,0.36015787448645703
