canton,weights
GE,-0.001786292174686796
TI,-0.008110165264299238
VD,0.6492601352665311
ZG,0.36063632217219377
