mspe_before,mspe_after,mspe_ratio
3.921303814620264e-18,0.5870232183755434,149701029587882180
