mspe_before,mspe_after,mspe_ratio
0.02127988007772034,1.7045680337372018,80.10233269697109
