mspe_before,mspe_after,mspe_ratio
0.08672034244115315,0.6498616051847137,7.493761981229468
