mspe_before,mspe_after,mspe_ratio
0.14378776968444973,0.5240495219099446,3.6446042876942903
