mspe_before,mspe_after,mspe_ratio
2.852316364078865e-11,0.9909954029042353,34743530394.6121
