mspe_before,mspe_after,mspe_ratio
0.02150183524694075,0.2877836716390147,13.3841445780755
