mspe_before,mspe_after,mspe_ratio
8.438852063622863e-5,0.446601135243311,5292.202445027598
