mspe_before,mspe_after,mspe_ratio
7.724876847375393e-6,0.3400106008429931,44015.01895250475
