mspe_before,mspe_after,mspe_ratio
0.00736104089874543,0.5466316531063504,74.26010269818157
