mspe_before,mspe_after,mspe_ratio
1.7096923676002833,11.384493063810156,6.658796213607353
