canton,weights
TI,0.7224441940601354
VD,0.21617939033578576
ZG,-0.05863047040819671
ZH,0.12000688601107842
