mspe_before,mspe_after,mspe_ratio
1.6200030250467496,20.328408190219367,12.548376685674853
