canton,weights
TI,0.9862140878062641
ZG,-0.08176690625987566
ZH,0.09555281845360385
