canton,weights
ZG,-0.47535488805238607
ZH,1.4753548880523784
