mspe_before,mspe_after,mspe_ratio
6.917409888894052,54.45203188691637,7.8717370752222555
