mspe_before,mspe_after,mspe_ratio
0.5461952533995355,14.752346082989437,27.009290159829103
