mspe_before,mspe_after,mspe_ratio
0.5991716949508514,15.608623078746666,26.050334503913778
