canton,weights
LU,-0.5501689585256955
NE,0.700003069475559
TI,0.7108085026490485
VD,0.05288394552299486
ZG,-0.09463737660941611
ZH,0.18111081748758406
