mspe_before,mspe_after,mspe_ratio
0.9274944270451252,9.780727919707996,10.54532257500253
