canton,weights
NE,0.26044945376566975
TI,0.837322869199428
VD,-0.3013721292142301
ZG,-0.16646714686316721
ZH,0.37006695310450294
