mspe_before,mspe_after,mspe_ratio
0.02047831161336803,0.6978777257437422,34.07887031507885
