mspe_before,mspe_after,mspe_ratio
0.02045096284789244,1.3752059456553516,67.24406845211557
