mspe_before,mspe_after,mspe_ratio
1.779244613214679e-18,0.2088477245881511,117379995441330620
