mspe_before,mspe_after,mspe_ratio
6.716030348243951e-18,1.0182290267556975,151611736987152700
