mspe_before,mspe_after,mspe_ratio
1.779244968808838e-18,2.760288092611739,1551381704600062e3
