mspe_before,mspe_after,mspe_ratio
6.716030508266059e-18,1.877604241420042,279570534873106300
