mspe_before,mspe_after,mspe_ratio
5.643625789994142e-13,0.7916691062128709,1402766830530.2231
