mspe_before,mspe_after,mspe_ratio
0.06855818613130282,0.29140820451476124,4.250523839073797
