mspe_before,mspe_after,mspe_ratio
0.20122148963706676,1.5827746374305505,7.865833019551355
