mspe_before,mspe_after,mspe_ratio
6.613200048282599e-9,0.5359339340206462,81040030.56127486
