mspe_before,mspe_after,mspe_ratio
1.105972393927022e-8,0.34169421735526884,30895365.85465764
