mspe_before,mspe_after,mspe_ratio
6.598109495827945e-9,0.8981561499785575,136123256.2973487
