mspe_before,mspe_after,mspe_ratio
0.06900831246891743,0.3528683689332254,5.113418315976985
