mspe_before,mspe_after,mspe_ratio
0.16743508032077334,3.708448994290954,22.14857834562674
