mspe_before,mspe_after,mspe_ratio
2.96800078867368,12.443331561968618,4.192496042943846
