mspe_before,mspe_after,mspe_ratio
40.89775654753548,20.09990098371412,0.49146707987153276
