canton,weights
GE,-0.5898354251848413
TI,0.012484380395457455
VD,-0.8636094375071443
ZH,2.4409604840705903
