canton,weights
GE,-1.6896773390072317
TI,9.178177607756957e-4
ZH,2.688759523020342
