mspe_before,mspe_after,mspe_ratio
44.81421357692846,18.560142273409756,0.4141574913849433
