mspe_before,mspe_after,mspe_ratio
2.383119927644287,126.52960385023663,53.09409836344707
