mspe_before,mspe_after,mspe_ratio
221.11165584137788,468.5804114838253,2.119202670256233
