canton,weights
GE,-1.032002397174849
ZH,2.0320023971748395
