mspe_before,mspe_after,mspe_ratio
20.74056131640723,34.98945783193656,1.6870063108782625
