mspe_before,mspe_after,mspe_ratio
20.81881715301826,35.99806456438314,1.729111903899124
