mspe_before,mspe_after,mspe_ratio
11.837164185422534,48.81389390910724,4.123782786524289
