canton,weights
GE,-1.9848570030154302
LU,2.2423092208355224
NE,0.17261286602609416
TI,2.9359504938761973
VD,-4.618946309704155
ZH,2.252930733756566
