mspe_before,mspe_after,mspe_ratio
12.871517004368224,47.74585410303543,3.7094193393701653
