canton,weights
GE,-2.674832179981873
NE,1.605007483749765
TI,2.588986088376082
VD,-2.82790341155843
ZH,2.308742021188939
