mspe_before,mspe_after,mspe_ratio
0.8633847170655868,1.525644420730224,1.7670505286629121
