mspe_before,mspe_after,mspe_ratio
4.294330742885362,48.06327217738317,11.19226139183901
