canton,weights
GE,-5.266690757145924e-4
TI,-0.009353201777710287
VD,0.6492066765450173
ZG,0.36067319430838757
