canton,weights
GE,0.7256912308514595
TI,-0.015858845672313836
ZG,0.29016761481875825
