mspe_before,mspe_after,mspe_ratio
6.4918814733872585,60.647060450868345,9.341985170167414
