mspe_before,mspe_after,mspe_ratio
4.557421298134428,43.89669541180295,9.631915186285715
