canton,weights
GE,0.69658233014014
ZG,0.30341766985987145
