mspe_before,mspe_after,mspe_ratio
0.7728455989502434,1.7310382511023428,2.2398241685708156
