mspe_before,mspe_after,mspe_ratio
0.9257605021736094,155.9235765073873,168.42755349930312
