mspe_before,mspe_after,mspe_ratio
1.6115982771665018,4.951307468065386,3.072296327327138
