mspe_before,mspe_after,mspe_ratio
3.7931267925664436,8.492186923013831,2.238835501005751
