canton,weights
GE,0.42562166743767826
LU,-0.32312166266578
NE,-0.9000848430785776
TI,-0.30133334806085277
VD,1.7341514501487263
ZG,0.36476673621980393
