mspe_before,mspe_after,mspe_ratio
4.322664912691588,4.6082910851951695,1.066076408482408
