canton,weights
GE,0.7069692111137532
NE,-1.2885308194475382
TI,-0.5335708223270699
VD,1.732997573572151
ZG,0.38213485708871814
