mspe_before,mspe_after,mspe_ratio
0.03802294344542533,0.677878442908755,17.82814220792033
