mspe_before,mspe_after,mspe_ratio
0.0379687470416428,0.797791039896047,21.011782111773602
