canton,weights
GE,-0.009813133353596366
VD,0.7649881432403036
ZG,0.0637045851895575
ZH,0.18112040492405937
