canton,weights
GE,0.7228554686219969
ZG,-0.016982134208792864
ZH,0.29412666558679684
