mspe_before,mspe_after,mspe_ratio
3.657042797182932,73.06693611023391,19.979786992517106
