mspe_before,mspe_after,mspe_ratio
0.23393245954211528,3.6798418447741073,15.73036017308927
