mspe_before,mspe_after,mspe_ratio
0.734465974355787,13.196493044984937,17.96746684767775
