mspe_before,mspe_after,mspe_ratio
1.0872653735060935,6.957423630383931,6.39901150162485
