canton,weights
GE,0.4021303816544436
LU,-0.9464061023957836
NE,0.38371857947099197
VD,1.3507939615121318
ZG,0.22050871476364853
ZH,-0.41074553499988886
