mspe_before,mspe_after,mspe_ratio
2.2992080851612813,34.948012120929626,15.200021410188347
