canton,weights
GE,-0.009868466417852445
NE,-7.330200229043226e-4
VD,0.7405184831888935
ZG,0.049393883534776216
ZH,0.22068911971776772
