mspe_before,mspe_after,mspe_ratio
2.2128059596309315,31.930439038365446,14.429841396346855
