mspe_before,mspe_after,mspe_ratio
0.08664762929880843,0.6186801250498742,7.14018525442083
