mspe_before,mspe_after,mspe_ratio
0.8681976200231479,5.877573163300621,6.769856341167939
