mspe_before,mspe_after,mspe_ratio
0.011343034522516088,0.6485422641641435,57.17537603158817
