mspe_before,mspe_after,mspe_ratio
0.010889130122447818,1.8880847319169058,173.3916952672501
