mspe_before,mspe_after,mspe_ratio
0.1173085988526175,4.554983001914483,38.82906322696094
