mspe_before,mspe_after,mspe_ratio
1.7853997631925564,2.51738964111184,1.4099865436356833
