mspe_before,mspe_after,mspe_ratio
0.11730895198235139,4.14842542944219,35.363246873659754
