mspe_before,mspe_after,mspe_ratio
0.11246775601290641,1.4843189711698437,13.197729054001115
