mspe_before,mspe_after,mspe_ratio
0.19327515737761902,1.2589094154726324,6.513560421078783
