mspe_before,mspe_after,mspe_ratio
0.20064979914967165,1.5698690607082344,7.823925403170798
