canton,weights
GE,-1.214342251886995e-5
LU,0.9009527490870813
NE,0.00854868182539789
TI,-1.4719315059717614e-5
ZG,-7.840953695297873e-5
ZH,0.09060384136195278
