mspe_before,mspe_after,mspe_ratio
0.8195238986507328,10.733590091598392,13.097348484004206
