canton,weights
GE,-0.5445847182596485
NE,1.0981687330361387
TI,0.37276824820246723
ZG,-0.035516085309441926
ZH,0.10916382232873818
