canton,weights
GE,0.06384885736147117
TI,0.772999431409364
ZG,-0.26980601747302996
ZH,0.43295772870210675
