mspe_before,mspe_after,mspe_ratio
0.10381644589862539,20.00366845376999,192.6830405396767
