canton,weights
TI,0.9425437806320782
VD,-5.802278365076297e-4
ZG,-0.10045878380332067
ZH,0.1584952310081825
