mspe_before,mspe_after,mspe_ratio
1.7521888550262261,22.439321570373444,12.80645148837999
