canton,weights
TI,1.0218257338374896
ZG,-0.06363433679669928
ZH,0.0418086029592026
