mspe_before,mspe_after,mspe_ratio
1.032376940334213,8.267908162177246,8.008613752551142
