mspe_before,mspe_after,mspe_ratio
8.256964533095765,77.33159484120657,9.365620323454728
