canton,weights
ZG,-0.44885812009532844
ZH,1.4488581200953206
