mspe_before,mspe_after,mspe_ratio
0.3146729890256299,5.775874163994942,18.355163504435716
