mspe_before,mspe_after,mspe_ratio
0.6299243746443783,12.107051081865011,19.219848555153952
