mspe_before,mspe_after,mspe_ratio
0.5908864034826864,12.746356097193889,21.57158469388841
