canton,weights
LU,-0.6270049845400818
NE,0.7807168010947542
TI,0.6281869420943273
VD,0.10316618315728607
ZG,-0.0989481659851725
ZH,0.21388322417601358
