mspe_before,mspe_after,mspe_ratio
0.9178469649087142,14.506721633897323,15.805163811093617
