canton,weights
NE,0.2850651498921351
TI,0.9284585029816672
VD,-0.36743263736395265
ZG,-0.15395995565935722
ZH,0.3078689401495145
