mspe_before,mspe_after,mspe_ratio
1.5059591540840052,16.38470415853796,10.879912721473449
