mspe_before,mspe_after,mspe_ratio
2.982820934079906,27.271914714182188,9.142994271828323
