canton,weights
GE,-1.1559903706405288
TI,-0.2854284040456032
ZH,2.4414187764600217
