mspe_before,mspe_after,mspe_ratio
100.93807905396383,79.63573468177749,0.7889563129015205
