mspe_before,mspe_after,mspe_ratio
224.75571623079742,481.2930096625517,2.1414049784091853
