canton,weights
GE,-1.0231962265659953
ZH,2.023196226565986
