mspe_before,mspe_after,mspe_ratio
3.0524261763842797,13.419417179590354,4.396311787460226
