mspe_before,mspe_after,mspe_ratio
5.930316719869335,139.92132184371638,23.59424099136468
