mspe_before,mspe_after,mspe_ratio
10.640259136425934,10.496198830450169,0.9864608273042347
