mspe_before,mspe_after,mspe_ratio
11.017571306823282,26.956193909750564,2.4466548170245423
