canton,weights
GE,-1.511476701181187
LU,2.3256769529221875
NE,-0.09584372700558136
TI,2.4285650832527215
VD,-4.4639740210877346
ZH,2.3170524148741167
