mspe_before,mspe_after,mspe_ratio
38.20044870132281,24.63735050285296,0.6449492438029875
