canton,weights
GE,-0.2442949334209527
NE,-0.5084987911715247
TI,0.11076030596002454
VD,-0.6849659034230873
ZH,2.326999323830009
