mspe_before,mspe_after,mspe_ratio
41.293959851224365,20.700041330613267,0.5012849677093758
