canton,weights
GE,-0.5638370271159585
TI,-0.019716384796492726
VD,-0.8615021779253401
ZH,2.4450555916118657
