mspe_before,mspe_after,mspe_ratio
0.886510553312892,15.702170245058515,17.712333131714527
