canton,weights
GE,0.7732220684451234
VD,0.16211115253198652
ZG,0.06667009861494075
ZH,-0.002003319592100982
