mspe_before,mspe_after,mspe_ratio
1.2186344512368943,23.979914589266613,19.677692982442263
