mspe_before,mspe_after,mspe_ratio
1.670572240803262,25.896762343635476,15.501731509188447
