canton,weights
GE,0.9482690019157157
ZG,0.05313781108457828
ZH,-0.0014068130006560555
