mspe_before,mspe_after,mspe_ratio
0.1801812215940529,0.8272003625976088,4.590935477512112
