mspe_before,mspe_after,mspe_ratio
0.2624683760146641,22.133502394891774,84.32826358347711
