mspe_before,mspe_after,mspe_ratio
1.255724411432771,19.368293773648013,15.424000359719814
