mspe_before,mspe_after,mspe_ratio
0.8690879293993253,17.140799025993918,19.722744323282537
