canton,weights
GE,0.9157844575751956
LU,0.019250177019028133
NE,-0.23929977458245696
VD,0.4147499228775624
ZG,0.15412958174824476
ZH,-0.26461436463541765
