mspe_before,mspe_after,mspe_ratio
0.8237965690344342,16.334124554535734,19.827861839338368
