canton,weights
GE,0.9227950795468859
NE,-0.3143037459867559
VD,0.5365470996110226
ZG,0.17257199993161312
ZH,-0.31761043310415965
