mspe_before,mspe_after,mspe_ratio
0.06286448153808363,8.584361153437026,136.55343913457037
