mspe_before,mspe_after,mspe_ratio
1.266937437243559,2.1378331029398487,1.6874022663590034
