mspe_before,mspe_after,mspe_ratio
1.6789571399858747,5.319043508265035,3.1680639020420647
