canton,weights
GE,0.3215891243168392
NE,0.8963502374560802
TI,-0.8852465669359183
VD,0.7010266145956832
ZG,0.11310898167725739
ZH,-0.1468283911099635
