mspe_before,mspe_after,mspe_ratio
5.0837700507553356e-9,0.2395397129306467,47118518.449719496
