mspe_before,mspe_after,mspe_ratio
0.020526297901061287,0.8285275520915651,40.36419797106848
