mspe_before,mspe_after,mspe_ratio
0.01603065353826427,1.3866513154284132,86.49998654880504
