mspe_before,mspe_after,mspe_ratio
0.2711046626163742,2.4999112918916406,9.221203603676607
