mspe_before,mspe_after,mspe_ratio
0.8677647512331474,18.970521383949265,21.861364335196814
