canton,weights
GE,0.5385540476239806
VD,0.42509510831434544
ZG,0.11414949155383479
ZH,-0.07779864749227378
