mspe_before,mspe_after,mspe_ratio
1.6693176682291144,25.23899374648309,15.11934739974191
