canton,weights
GE,0.9483250567957365
ZG,0.051786799568122065
ZH,-1.1185636384932316e-4
