mspe_before,mspe_after,mspe_ratio
0.2692887657039047,2.5311551595421555,9.399408671675804
