mspe_before,mspe_after,mspe_ratio
0.3974137863238816,2.9819037866727687,7.50327212917218
