mspe_before,mspe_after,mspe_ratio
0.40837333993917485,1.9380257902189317,4.745720645004865
