mspe_before,mspe_after,mspe_ratio
0.8617032552328409,21.640944069218826,25.114149143339635
