canton,weights
GE,0.47847812138877754
LU,0.4166499765823745
NE,4.714795429359415e-6
VD,3.146471332680175e-5
ZG,0.10511009549480684
ZH,-2.7437297398179907e-4
