mspe_before,mspe_after,mspe_ratio
0.8779198125585695,19.10385685527113,21.76036647310159
