canton,weights
GE,0.5317474788352736
NE,0.00866884884233599
VD,0.4179444498649329
ZG,0.11183332228516164
ZH,-0.07019409982720591
