mspe_before,mspe_after,mspe_ratio
0.11781293770999604,4.2263319768158425,35.87324158930002
