mspe_before,mspe_after,mspe_ratio
0.34233308023529396,0.8029537975832158,2.3455337621223338
