mspe_before,mspe_after,mspe_ratio
0.35947810026490334,1.8738125064398437,5.212591546074742
