canton,weights
GE,0.18022551164873363
LU,0.7636394955957212
NE,-0.300067857135433
TI,0.19132585267869562
ZG,-0.12322526596647036
ZH,0.28810226317777765
