mspe_before,mspe_after,mspe_ratio
1.038564835408835,5.344016206171913,5.145577843551982
