canton,weights
GE,-0.3129232759283883
NE,0.6575367029647528
TI,0.5184669267594286
ZG,-0.1422773282490226
ZH,0.2791969744537302
