mspe_before,mspe_after,mspe_ratio
3.6225146345630694,12.986100405849777,3.584830350151532
