canton,weights
GE,0.5325219182869849
TI,0.7384273084926786
ZG,-0.04562904198939728
ZH,-0.22532018479149885
