mspe_before,mspe_after,mspe_ratio
0.06636849445133045,0.8265443779211723,12.453866623828516
