mspe_before,mspe_after,mspe_ratio
0.06623206656091998,1.1610476864500916,17.529993351214017
