mspe_before,mspe_after,mspe_ratio
0.07533272850624823,2.911112856068843,38.64340126519366
