mspe_before,mspe_after,mspe_ratio
0.07893719395891699,3.732805604982316,47.28829868116495
