mspe_before,mspe_after,mspe_ratio
2.199298217872631,31.763726487438802,14.44266458696251
