canton,weights
GE,0.6787080938201373
ZG,-0.024698509552506454
ZH,0.34599041573236305
