mspe_before,mspe_after,mspe_ratio
5.020995605860444,91.43882392130998,18.21129335675652
