mspe_before,mspe_after,mspe_ratio
0.6522393409587784,2.9133019537430145,4.466614892411305
