mspe_before,mspe_after,mspe_ratio
0.9925602085469386,14.551847713682609,14.660921915241623
