canton,weights
GE,0.4265117098795594
LU,-0.4817002525717808
NE,0.17611285268461535
VD,0.9123928466430457
ZG,0.14811566022617606
ZH,-0.1814328168752451
