mspe_before,mspe_after,mspe_ratio
2.286493800170942,34.8594690529969,15.245818313782765
