canton,weights
GE,-0.007422678176610941
NE,-9.803039887987229e-4
VD,0.7423899845642783
ZG,0.05199312244537274
ZH,0.2140198751565303
