canton,weights
GE,-0.0076080192469136785
VD,0.766359023203759
ZG,0.06582795449209337
ZH,0.1754210415515987
