mspe_before,mspe_after,mspe_ratio
0.8936333406002933,4.434171952820867,4.961958950459745
