canton,weights
GE,0.45084528760860476
TI,-0.33387832698432596
VD,0.4917761752320472
ZG,0.3912568641436792
