mspe_before,mspe_after,mspe_ratio
3.0066652644732144,17.726114245234935,5.895606156989563
