canton,weights
GE,0.6685133549603947
TI,-8.349105347352969e-5
ZG,0.33157013609302527
