canton,weights
GE,0.6685133554007934
TI,-8.349151560810182e-5
ZG,0.3315701361150092
