mspe_before,mspe_after,mspe_ratio
3.006665264312789,17.726114228214684,5.8956061516432925
