mspe_before,mspe_after,mspe_ratio
3.0066934791296753,17.744121018810777,5.9015397286014775
