canton,weights
GE,0.6684551089646087
ZG,0.3315448910354039
