mspe_before,mspe_after,mspe_ratio
0.8964118396409432,6.143806354445434,6.853776448229789
