mspe_before,mspe_after,mspe_ratio
0.9410907868631874,109.58796303529911,116.4478120124564
