mspe_before,mspe_after,mspe_ratio
1.8654242241998504,18.827894347441912,10.09308987370843
