mspe_before,mspe_after,mspe_ratio
1.695812154794422,15.126743105390641,8.920058193134256
