canton,weights
GE,0.07783692302741013
LU,-0.20052778836706714
NE,0.7856324563835453
TI,-0.42502069855311964
VD,0.3297759322427478
ZG,0.43230317526741974
