mspe_before,mspe_after,mspe_ratio
2.0319399001592555,22.74648348603457,11.194466669143015
