canton,weights
GE,0.025432964214497155
NE,0.6370368066697504
TI,-0.17206483291779823
VD,0.09899180194147314
ZG,0.41060326009270237
