mspe_before,mspe_after,mspe_ratio
2.0568775308230913,8.90740530248797,4.330547234342889
