mspe_before,mspe_after,mspe_ratio
3.086024200314113e-17,0.4999999913151754,16202076162082026
