mspe_before,mspe_after,mspe_ratio
5.0862072435890986e-17,0.49999999771989107,9830507759000878
