mspe_before,mspe_after,mspe_ratio
1.7792446288756814e-18,0.2705761136652994,152073587450579260
