mspe_before,mspe_after,mspe_ratio
0.003691426794724473,0.07538245778891502,20.420954276174815
