mspe_before,mspe_after,mspe_ratio
0.0037461392595668557,0.09298726692203797,24.822159690024325
