mspe_before,mspe_after,mspe_ratio
1.2315023317768295e-18,1.4743672197523328,1197210254263257600
