mspe_before,mspe_after,mspe_ratio
0.09819621563527237,0.47021357991309487,4.788510197374579
