mspe_before,mspe_after,mspe_ratio
0.09792010008333753,0.41721584891390107,4.260778415859648
