mspe_before,mspe_after,mspe_ratio
0.09682830158938183,0.6052319914355727,6.250569115651434
