mspe_before,mspe_after,mspe_ratio
0.143446156734293,0.9426758177273902,6.571635233654392
