mspe_before,mspe_after,mspe_ratio
1.7792447600575454e-18,0.1676954838626218,94250935918000460
