mspe_before,mspe_after,mspe_ratio
6.716029842644063e-18,0.19791663463143383,29469290528571440
