mspe_before,mspe_after,mspe_ratio
1.7792445764979755e-18,0.15740740623091248,88468672778383250
