mspe_before,mspe_after,mspe_ratio
6.716029708763053e-18,0.5624999141025738,83754828149230180
