canton,weights
AG,5.2706635553180955e-9
AI,0.2499999850295539
BE,6.750755914699995e-10
BL,0.24999998502940077
BS,1.977007073035613e-8
FR,0.2499999850293918
GE,-4.8159773501579825e-9
GR,3.779445059679542e-9
LU,4.44261536753794e-9
NE,1.980946653396792e-9
OW,2.793745987168744e-9
SG,7.4157819767897116e-9
SH,2.793746066897966e-9
SZ,5.776054318329235e-9
TI,8.534210878929015e-10
UR,6.92943791506551e-9
VD,3.3842562327356108e-9
VS,0.24999998502932075
ZG,-5.222411004525836e-10
ZH,-6.452591714509151e-10
