mspe_before,mspe_after,mspe_ratio
0.016735734926812185,2.2008399850302616,131.50542803497166
