mspe_before,mspe_after,mspe_ratio
0.02533908537102336,0.4260146978448146,16.81255229251431
