mspe_before,mspe_after,mspe_ratio
0.03655551632769959,0.40649028615836474,11.119806994774976
