mspe_before,mspe_after,mspe_ratio
1.779244613214679e-18,0.2705761136653325,152073588789157400
