mspe_before,mspe_after,mspe_ratio
0.020698728827024476,0.7544868891167984,36.45088041018888
