mspe_before,mspe_after,mspe_ratio
0.023654379343823483,1.3627382862874542,57.610401291010234
