mspe_before,mspe_after,mspe_ratio
0.023868791569237192,3.3834198719606485,141.7507820681337
