mspe_before,mspe_after,mspe_ratio
2.9896531710775767,27.127976436893004,9.073954363447156
