canton,weights
GE,-1.3578391306010995
TI,1.9051897243273321
VD,-1.7823101677150734
ZH,2.2349595757628933
