mspe_before,mspe_after,mspe_ratio
26.908534141017682,108.60193897818982,4.035966374424084
