canton,weights
GE,-1.9930748187290832
TI,0.048741520999416386
ZH,2.9443332995035547
