mspe_before,mspe_after,mspe_ratio
29.977271841289785,61.67077384815542,2.057251045881099
