canton,weights
GE,-1.8574733131467798
ZH,2.857473313146772
