mspe_before,mspe_after,mspe_ratio
3.07521197654152,16.26116478986536,5.287819153251731
