mspe_before,mspe_after,mspe_ratio
6.270118107313419,33.445882098742906,5.334170987900831
