mspe_before,mspe_after,mspe_ratio
7.293592699259578,29.94480707781305,4.1056319310033516
