mspe_before,mspe_after,mspe_ratio
7.5268001847226085,20.425626765194316,2.713719809734404
