canton,weights
GE,-0.25361715427022
LU,-0.3449433422989941
NE,-1.5980794177174995
TI,1.6374535718813266
VD,-0.4643353983277682
ZH,2.0235217425077137
