mspe_before,mspe_after,mspe_ratio
8.369320702921483,36.819675282896235,4.399362456028668
