canton,weights
GE,-0.231003632338984
NE,-1.4464469824620532
TI,1.2827077150661517
VD,-0.774578049886648
ZH,2.1693209513958696
