mspe_before,mspe_after,mspe_ratio
9.543692342515145,6.9292434599280615,0.7260547816550768
