mspe_before,mspe_after,mspe_ratio
0.18273108684043235,5.233578765326615,28.640878001764268
