mspe_before,mspe_after,mspe_ratio
0.22221361056554764,2.0331755336486053,9.14964447260474
