mspe_before,mspe_after,mspe_ratio
0.3735863026410787,8.123045605941947,21.743424607689978
