canton,weights
GE,0.5089521728555987
LU,0.8889878899728589
TI,-0.18516094315198287
VD,-0.2537796110671007
ZG,-0.012812400106499162
ZH,0.0538128914965021
