mspe_before,mspe_after,mspe_ratio
1.620936750382165,4.371346191840016,2.696802445135131
