canton,weights
GE,9.689604828640545e-4
TI,5.383873212159614e-4
VD,1.0027494140420625
ZG,-0.002086877646547665
ZH,-0.002169884199602841
