mspe_before,mspe_after,mspe_ratio
4.5153843577326695e-18,0.2499534171676677,55355955853374560
