mspe_before,mspe_after,mspe_ratio
103.5817583631169,83.5693512635742,0.8067960284147033
