canton,weights
GE,-1.126688261259699
TI,-0.3082702149993986
ZH,2.4349584780329883
