mspe_before,mspe_after,mspe_ratio
228.63496202311254,494.88946741058885,2.1645397669345114
