canton,weights
GE,-1.013910404990458
ZH,2.0139104049904493
