mspe_before,mspe_after,mspe_ratio
9.400592786671844,12.648194654498816,1.3454677743760395
