mspe_before,mspe_after,mspe_ratio
11.501974370793288,16.506664779570336,1.4351157677316122
