canton,weights
GE,-1.6157700762351361
LU,1.3232599385480193
NE,0.45629826031144843
TI,1.9003701981434236
VD,-3.4798472328238503
ZH,2.4156889138306488
