mspe_before,mspe_after,mspe_ratio
38.34433098734367,24.970607017746588,0.6512203075335607
