canton,weights
GE,-0.20927512233887333
NE,-0.5139137652151422
TI,0.10535789414121542
VD,-0.7025964751195504
ZH,2.320427470306824
