canton,weights
GE,-0.5195147243049626
TI,-0.029608081145520854
VD,-0.8883158750359632
ZH,2.4374386822605274
