mspe_before,mspe_after,mspe_ratio
41.58033057817623,21.04561318322243,0.5061434791542612
