mspe_before,mspe_after,mspe_ratio
3.086025719499825e-17,0.49999998459147194,16202067968264068
