mspe_before,mspe_after,mspe_ratio
5.0862083359394885e-17,0.4999999713617027,9830505129502256
