mspe_before,mspe_after,mspe_ratio
0.04262215520928758,3.3582539583172863,78.79127514381314
