mspe_before,mspe_after,mspe_ratio
0.061588419049221396,2.7754338124533553,45.064215891549864
