mspe_before,mspe_after,mspe_ratio
0.19168875886585393,1.535120835644706,8.008403021269503
