mspe_before,mspe_after,mspe_ratio
0.01608139681971805,2.9518562474494416,183.5572046720501
