mspe_before,mspe_after,mspe_ratio
0.15221746804674388,16.233868621559107,106.64918310541016
