mspe_before,mspe_after,mspe_ratio
4.70738518763054,7.017892873566646,1.4908261367706557
