mspe_before,mspe_after,mspe_ratio
5.884361501966106,7.672487185433512,1.3038776055600851
