canton,weights
TI,1.0175475701091496
ZG,-0.0012278003772252034
ZH,-0.016319769731931486
