canton,weights
ZG,-0.16963137703327852
ZH,1.1696313770332707
