mspe_before,mspe_after,mspe_ratio
97.39745112296694,588.3355621716179,6.040564259005384
