mspe_before,mspe_after,mspe_ratio
1.4721273786345308,6.908720310646401,4.6930180165894155
