mspe_before,mspe_after,mspe_ratio
2.267357338577533,4.354124132344153,1.9203519702261798
