canton,weights
LU,0.49270845171892047
NE,-0.0012278946692400531
TI,0.3691566935734526
VD,-8.391774412067425e-4
ZG,-0.0035799917641145197
ZH,0.14378191858259434
