mspe_before,mspe_after,mspe_ratio
1.1020810334468,5.025271967549892,4.559802605288618
