canton,weights
NE,0.9233673432073736
TI,0.006828373197850665
VD,-0.02179371340646895
ZG,0.09664619554008994
ZH,-0.005048198538890844
