canton,weights
TI,0.9378920263479013
VD,0.06912354606365761
ZG,-0.0017570650091941384
ZH,-0.005258507403921416
