mspe_before,mspe_after,mspe_ratio
4.685593827640986e-18,0.2657590628925882,56718331265684530
