mspe_before,mspe_after,mspe_ratio
0.04733395690432232,0.2568016104350535,5.425314662666699
