mspe_before,mspe_after,mspe_ratio
0.0489243519812119,0.26774100625015584,5.4725508955739395
