mspe_before,mspe_after,mspe_ratio
0.03548229908906947,3.6106929814114945,101.76040093534384
