mspe_before,mspe_after,mspe_ratio
0.021452933593530128,0.7558438496343088,35.23265693892138
