mspe_before,mspe_after,mspe_ratio
0.13153683066301378,0.22918147146512802,1.7423368824528815
