mspe_before,mspe_after,mspe_ratio
0.13408933789303473,0.21816698136098503,1.6270270611300983
