mspe_before,mspe_after,mspe_ratio
0.13963507824294993,15.814020971450411,113.25249479171505
