mspe_before,mspe_after,mspe_ratio
0.45968647645033345,5.127346858572205,11.154008484576739
