mspe_before,mspe_after,mspe_ratio
5.9842094039617084e-18,0.21245127625629656,35501978944060360
