mspe_before,mspe_after,mspe_ratio
1.5897049946802112e-17,0.1150219759768782,7235428985993486
