mspe_before,mspe_after,mspe_ratio
1.7792443400536663e-18,0.27057611366530626,152073612136456220
