mspe_before,mspe_after,mspe_ratio
0.044269286843736155,0.6887897403380469,15.5590882403272
