mspe_before,mspe_after,mspe_ratio
0.04426940161210959,0.7227704698847252,16.326637441763303
