mspe_before,mspe_after,mspe_ratio
0.04517033724313768,1.8649057258310597,41.286070453555844
