mspe_before,mspe_after,mspe_ratio
0.49220992432573596,0.9824049496594743,1.9959064234741757
