mspe_before,mspe_after,mspe_ratio
0.5902500296926015,0.9407852740832344,1.593875860663979
