mspe_before,mspe_after,mspe_ratio
0.6512067762452183,0.8573365751077102,1.3165350951214176
