mspe_before,mspe_after,mspe_ratio
0.33419233884591115,0.4989691977800415,1.4930599531490318
