mspe_before,mspe_after,mspe_ratio
0.5062058149096864,4.004788200676622,7.911383241204226
