canton,weights
GE,0.6586729871602565
LU,0.9019742416259666
TI,-0.1344580806556812
VD,-0.3448433514140533
ZG,0.034458615649941474
ZH,-0.11580441236672183
