mspe_before,mspe_after,mspe_ratio
1.64549907212533,4.5072430584140575,2.739134366446341
