canton,weights
GE,0.0025789006665185017
TI,0.015338996342407669
VD,0.9904464260331157
ZG,-1.7130020390660424e-4
ZH,-0.008193022836734848
