mspe_before,mspe_after,mspe_ratio
0.0689284193234685,8.019905106166448,116.35121166104935
