mspe_before,mspe_after,mspe_ratio
0.5513916175560607,2.057377911518837,3.7312462613011355
