mspe_before,mspe_after,mspe_ratio
5.310886459844294,7.004609095856253,1.3189152411406693
