canton,weights
GE,0.4548717160045725
NE,0.5835940720777896
TI,-0.006752405495026085
VD,0.009386414841577796
ZG,-0.029142110504498785
ZH,-0.01195768692460265
