mspe_before,mspe_after,mspe_ratio
8.591217948142065e-12,0.07632911735140327,8884551388.654991
