mspe_before,mspe_after,mspe_ratio
0.14799235187435067,4.088171130221573,27.624205429835563
