mspe_before,mspe_after,mspe_ratio
0.7133115167393121,1.569887757349312,2.200844540581062
