mspe_before,mspe_after,mspe_ratio
1.3809390780430915,1.5391499978395953,1.1145676317746778
