canton,weights
GE,0.001991727235055279
LU,0.6433419680087251
TI,0.2631720777839853
VD,0.1021319605942629
ZG,-0.007041505566184853
ZH,-0.0035962280553352324
