mspe_before,mspe_after,mspe_ratio
1.3538782646646472,4.859012020277371,3.5889578458377405
