canton,weights
GE,0.09101261593391485
TI,0.002614728570505605
VD,0.9274318585001823
ZG,-6.113019147565473e-4
ZH,-0.0204479010913625
