canton,weights
GE,0.6734157600535357
TI,1.4384867543305413e-4
VD,-9.516925996103123e-4
ZG,0.32739208387033986
