mspe_before,mspe_after,mspe_ratio
3.0420145443964377,20.732269319000867,6.815309071151838
