canton,weights
GE,0.6718111034766222
TI,-2.5238405859939555e-4
ZG,0.32844128058151173
