mspe_before,mspe_after,mspe_ratio
3.025645503636305,20.00101780661217,6.610496101600267
