canton,weights
GE,0.6707311069684118
ZG,0.32926889303160023
