mspe_before,mspe_after,mspe_ratio
3.0168472106325113,19.38453914532086,6.425429526892317
