mspe_before,mspe_after,mspe_ratio
1.0529016310679016,60.764454077890264,57.71142553579306
