mspe_before,mspe_after,mspe_ratio
1.6888600640740068,5.084757080898553,3.0107628151456702
