mspe_before,mspe_after,mspe_ratio
1.7845670968076477,9.468281346211544,5.305646037713592
