canton,weights
GE,0.6099436755969351
LU,-0.7913592956954669
NE,0.06702269046639872
TI,-0.40841404486107374
VD,1.1647977135450889
ZG,0.3580092609478987
