mspe_before,mspe_after,mspe_ratio
2.5770508485606927,5.334840050558377,2.0701337940374502
