canton,weights
GE,1.002609385555491
NE,-0.5968459232019953
TI,-0.3325590070762908
VD,0.5859676432729177
ZG,0.34082790144717784
