mspe_before,mspe_after,mspe_ratio
0.004801156689137763,0.3711966974053208,77.31401440097216
